nickname,email,gender
"cameronjenkins87","cameron.jenkins87@mail.com",""
"hannah.scott20","hannah_scott20@gmail.com","F"
"arianamurphy65","ariana_murphy65@gmail.com","F"
"robert_richardson9","robert_richardson9@gmail.com","M"
"madison_nelson3","madison.nelson3@gmail.com","F"
"christianprice55","christian.price55@gmail.com",""
"jacob.cooper56","jacobcooper56@outlook.com","M"
"lincolnhoward31","lincolnhoward31@hotmail.com","M"
"lucy_jones58","lucy.jones58@gmail.com",""
"aurora.ross32","auroraross32@gmail.com","F"
"weston.kelly71","weston.kelly71@mail.com","M"
"clara_reyes49","clara.reyes49@gmail.com","F"
"elizabeth_ruiz15","elizabethruiz15@hotmail.com","F"
"robertbailey57","robertbailey57@mail.com",""
"melanie.lee11","melanie_lee11@outlook.com",""
"elizabethcruz16","elizabeth_cruz16@mail.com","F"
"aubreyhill39","aubrey_hill39@hotmail.com",""
"emilia.hernandez22","emilia_hernandez22@gmail.com","F"
"valentina.jimenez51","valentinajimenez51@mail.com","F"
"amelia_long85","amelia_long85@gmail.com",""
"mila_patel22","mila.patel22@mail.com",""
"raelynn.morris3","raelynn_morris3@gmail.com","F"
"madison.turner83","madison_turner83@gmail.com","F"
"ameliaclark62","ameliaclark62@hotmail.com","F"
"milaortiz26","mila.ortiz26@outlook.com","F"
"pipergreen86","pipergreen86@mail.com",""
"james.sullivan81","jamessullivan81@hotmail.com","M"
"scarlett_bailey92","scarlett.bailey92@hotmail.com","F"
"leah_bailey94","leah_bailey94@outlook.com","F"
"quinn.morales40","quinn_morales40@hotmail.com","F"
"mason_flores89","masonflores89@mail.com","M"
"jamesprice23","james_price23@gmail.com","M"
"jacksonmendoza53","jackson.mendoza53@mail.com","M"
"charles.kim41","charleskim41@mail.com",""
"joshua_bell37","joshua_bell37@outlook.com","M"
"mia_bennett43","miabennett43@outlook.com","F"
"sophia_kelly85","sophiakelly85@outlook.com","F"
"aaroncoleman59","aaron_coleman59@outlook.com",""
"brielle.miller30","briellemiller30@outlook.com","F"
"ryder_hernandez11","ryder.hernandez11@outlook.com","M"
"serenity.collins31","serenity.collins31@gmail.com","F"
"adeline_sullivan60","adeline_sullivan60@hotmail.com","F"
"zoetorres62","zoetorres62@mail.com",""
"jonathanharris47","jonathan_harris47@gmail.com","M"
"sebastianflores34","sebastianflores34@gmail.com","M"
"gabrielhernandez35","gabriel.hernandez35@gmail.com","M"
"carson_gonzalez13","carson_gonzalez13@gmail.com","M"
"naomiwhite92","naomi_white92@gmail.com","F"
"sofiadavis13","sofia.davis13@hotmail.com","F"
"valentina.davis77","valentina_davis77@gmail.com","F"
"matthew_rodriguez90","matthew_rodriguez90@outlook.com","M"
"evelynmendoza55","evelyn_mendoza55@outlook.com","F"
"oliver.moore46","olivermoore46@gmail.com",""
"hunter.lee36","hunter_lee36@outlook.com",""
"jayden_hill28","jaydenhill28@outlook.com","M"
"ella.kim21","ella.kim21@gmail.com","F"
"henryrichardson97","henry.richardson97@gmail.com","M"
"ezra.gonzalez95","ezra.gonzalez95@hotmail.com","M"
"damian_baker29","damianbaker29@mail.com","M"
"eliana.bennett23","eliana.bennett23@hotmail.com","F"
"allison_bell56","allison_bell56@gmail.com","F"
"eva_campbell67","evacampbell67@outlook.com","F"
"carson.brown72","carsonbrown72@mail.com","M"
"isaiah.lopez55","isaiahlopez55@outlook.com","M"
"sadie.morales31","sadie_morales31@hotmail.com","F"
"camilamiller27","camila_miller27@outlook.com",""
"lillian.powell66","lillian_powell66@mail.com","F"
"willow_nguyen80","willow.nguyen80@hotmail.com","F"
"hannahroberts65","hannahroberts65@hotmail.com",""
"victoriawilliams49","victoriawilliams49@hotmail.com","F"
"matthew_collins92","matthew.collins92@outlook.com","M"
"clairehill69","claire.hill69@mail.com",""
"mila_nelson44","mila_nelson44@hotmail.com",""
"ameliacampbell18","amelia_campbell18@mail.com",""
"maverick_howard95","maverickhoward95@outlook.com","M"
"aria.bell5","ariabell5@gmail.com","F"
"colton.ramirez34","colton_ramirez34@outlook.com",""
"lydia.hill77","lydia.hill77@gmail.com","F"
"declan.james51","declan.james51@outlook.com","M"
"savannah_johnson76","savannah.johnson76@gmail.com","F"
"ariaroberts65","ariaroberts65@outlook.com",""
"david_wood54","david_wood54@gmail.com","M"
"declanmorris50","declan_morris50@gmail.com","M"
"robert.sanchez40","robert.sanchez40@outlook.com",""
"dylanphillips38","dylan.phillips38@outlook.com","M"
"paisley_walker44","paisleywalker44@mail.com",""
"joshua.sullivan86","joshua.sullivan86@mail.com","M"
"axel.collins50","axel.collins50@mail.com","M"
"hudsonbrooks36","hudson.brooks36@mail.com","M"
"aidenrichardson62","aiden.richardson62@outlook.com","M"
"nathan_jackson76","nathan.jackson76@mail.com","M"
"novareyes79","nova.reyes79@mail.com","F"
"axellewis69","axel_lewis69@gmail.com","M"
"eleanor.murphy14","eleanor.murphy14@hotmail.com","F"
"nevaeh.gutierrez69","nevaeh_gutierrez69@gmail.com","F"
"maya_murphy66","maya.murphy66@mail.com","F"
"anthony_myers91","anthonymyers91@mail.com","M"
"abigaildavis93","abigail_davis93@gmail.com","F"
"peyton.flores38","peytonflores38@outlook.com",""
"chloe_williams45","chloe_williams45@mail.com","F"
"jade.peterson4","jade_peterson4@hotmail.com","F"
"jaxonjames30","jaxonjames30@hotmail.com","M"
"andrew_jenkins42","andrew.jenkins42@gmail.com","M"
"athena_turner43","athenaturner43@mail.com","F"
"ivy_jackson25","ivy.jackson25@hotmail.com",""
"ryan.torres17","ryan_torres17@hotmail.com","M"
"jace.perry84","jace_perry84@gmail.com","M"
"sarah_parker20","sarah.parker20@mail.com","F"
"emmettyoung60","emmettyoung60@gmail.com","M"
"parker.hernandez27","parker.hernandez27@gmail.com","M"
"peytonjackson36","peytonjackson36@hotmail.com","F"
"aiden.clark79","aiden_clark79@hotmail.com",""
"kayden.ramos90","kayden.ramos90@mail.com","M"
"leojenkins59","leo.jenkins59@hotmail.com","M"
"silasgreen25","silas_green25@hotmail.com","M"
"penelopeturner42","penelopeturner42@mail.com","F"
"madelineturner8","madeline.turner8@outlook.com","F"
"allison_hall92","allison.hall92@gmail.com","F"
"cartermorgan96","cartermorgan96@outlook.com","M"
"grace_robinson51","grace_robinson51@hotmail.com","F"
"islahall52","isla_hall52@gmail.com",""
"anthony.rivera66","anthony_rivera66@gmail.com","M"
"jaxson.gutierrez99","jaxson_gutierrez99@mail.com","M"
"cameronrodriguez69","cameronrodriguez69@gmail.com","M"
"gabriel.cox24","gabriel.cox24@hotmail.com","M"
"aria.perry46","aria_perry46@outlook.com","F"
"lydia_reed29","lydiareed29@mail.com","F"
"xavier.lewis57","xavierlewis57@outlook.com",""
"allisonmurphy14","allisonmurphy14@hotmail.com","F"
"zoe_anderson54","zoeanderson54@hotmail.com","F"
"masoncastillo89","mason_castillo89@hotmail.com","M"
"ian.cook29","ian_cook29@hotmail.com","M"
"brooklyn_turner64","brooklyn.turner64@hotmail.com","F"
"eleanorhall31","eleanor.hall31@mail.com","F"
"carson_wright44","carson_wright44@hotmail.com","M"
"emma.henderson99","emmahenderson99@outlook.com",""
"kayden.peterson47","kaydenpeterson47@hotmail.com","M"
"christopherramos43","christopherramos43@gmail.com","M"
"evelyn.patel88","evelynpatel88@mail.com","F"
"aaliyah_robinson83","aaliyah_robinson83@mail.com","F"
"carson.king78","carsonking78@gmail.com","M"
"gracebailey92","gracebailey92@mail.com","F"
"jackson_anderson31","jackson.anderson31@outlook.com",""
"milapeterson80","mila.peterson80@gmail.com","F"
"raelynnnguyen34","raelynn_nguyen34@mail.com","F"
"rileyfoster4","riley.foster4@hotmail.com","F"
"kennedy.ortiz3","kennedy.ortiz3@mail.com",""
"kayden.butler55","kayden.butler55@hotmail.com",""
"calebstewart35","calebstewart35@mail.com","M"
"natalia.phillips42","natalia.phillips42@hotmail.com",""
"ethan.gonzalez20","ethan_gonzalez20@outlook.com",""
"micah_phillips43","micahphillips43@outlook.com",""
"everly.ward36","everlyward36@mail.com","F"
"athenafoster56","athena.foster56@mail.com",""
"rubythompson53","ruby_thompson53@outlook.com","F"
"easton_ross44","easton_ross44@gmail.com","M"
"genesis_richardson81","genesisrichardson81@gmail.com","F"
"logan.mendoza96","logan.mendoza96@hotmail.com","M"
"kennedyruiz83","kennedy.ruiz83@mail.com",""
"connor_hall97","connor.hall97@outlook.com","M"
"ariana.reyes33","ariana_reyes33@mail.com",""
"nathan.williams80","nathan_williams80@outlook.com","M"
"ethan.morgan40","ethan_morgan40@hotmail.com","M"
"ian.evans46","ian.evans46@mail.com","M"
"aurora.reyes24","aurorareyes24@hotmail.com",""
"lucahoward99","lucahoward99@mail.com",""
"bella_kelly57","bellakelly57@outlook.com",""
"everlymoore32","everlymoore32@mail.com","F"
"victoria_reyes58","victoriareyes58@gmail.com","F"
"luke_coleman32","luke.coleman32@outlook.com","M"
"stellajohnson52","stella_johnson52@hotmail.com","F"
"lucy_garcia36","lucygarcia36@mail.com","F"
"romanclark79","roman_clark79@mail.com","M"
"delilahnelson76","delilah.nelson76@gmail.com","F"
"hannahkelly0","hannahkelly0@mail.com","F"
"audreymoore79","audrey_moore79@hotmail.com","F"
"hannah_roberts63","hannah.roberts63@mail.com","F"
"sarah.butler94","sarahbutler94@hotmail.com","F"
"avery.torres92","avery_torres92@outlook.com","F"
"nataliawright84","natalia_wright84@hotmail.com","F"
"hunter.williams80","hunterwilliams80@mail.com",""
"connor.thompson99","connorthompson99@hotmail.com",""
"avery_turner9","avery.turner9@outlook.com","F"
"isaac.patel12","isaac_patel12@mail.com","M"
"colton.martinez60","colton.martinez60@gmail.com","M"
"mateo.rogers18","mateo_rogers18@hotmail.com",""
"sadiecook62","sadie.cook62@outlook.com","F"
"jade.white72","jade_white72@hotmail.com",""
"nevaeh.peterson20","nevaehpeterson20@hotmail.com","F"
"lukejohnson5","luke.johnson5@outlook.com","M"
"oliverharris28","oliverharris28@outlook.com",""
"emilianguyen23","emilia.nguyen23@mail.com",""
"carterbaker8","carterbaker8@mail.com","M"
"stella.jones54","stellajones54@outlook.com","F"
"ivywhite34","ivy_white34@gmail.com","F"
"addisonhernandez14","addison_hernandez14@gmail.com","F"
"jeremiah.stewart96","jeremiahstewart96@gmail.com",""
"charlotte.gray57","charlotte.gray57@outlook.com","F"
"vivian.butler80","vivian.butler80@mail.com","F"
"hannahwhite91","hannah.white91@gmail.com","F"
"ryleehall85","rylee.hall85@gmail.com",""
"sophiaedwards43","sophiaedwards43@gmail.com","F"
"mia_nguyen66","mia.nguyen66@mail.com",""
"maverick.jones57","maverickjones57@outlook.com","M"
"naomimartin92","naomimartin92@hotmail.com","F"
"masonevans14","mason_evans14@mail.com",""
"anthony.ramirez3","anthony.ramirez3@outlook.com","M"
"kaimorgan33","kai_morgan33@outlook.com",""
"sophiehernandez4","sophie_hernandez4@hotmail.com",""
"isaiah_cox71","isaiah_cox71@hotmail.com","M"
"mateo_lewis92","mateo.lewis92@hotmail.com","M"
"stella.torres65","stellatorres65@mail.com","F"
"asher.brown1","asher.brown1@outlook.com",""
"luke_price23","luke_price23@gmail.com","M"
"wayloncollins52","waylon.collins52@hotmail.com",""
"piperhoward14","piper_howard14@outlook.com","F"
"nathancox28","nathancox28@hotmail.com","M"
"emmett.phillips64","emmettphillips64@outlook.com","M"
"kaydenwatson43","kayden.watson43@gmail.com","M"
"colton.sullivan12","coltonsullivan12@mail.com","M"
"mila_price39","mila_price39@gmail.com","F"
"andrew.white17","andrewwhite17@mail.com","M"
"ezra.rivera20","ezrarivera20@outlook.com","M"
"theodorebell65","theodore.bell65@gmail.com","M"
"aria.edwards84","ariaedwards84@gmail.com","F"
"colton_wilson28","coltonwilson28@outlook.com","M"
"leo.rivera62","leorivera62@outlook.com","M"
"isaiahmiller65","isaiah.miller65@outlook.com","M"
"isabella.torres75","isabellatorres75@hotmail.com","F"
"jade_jimenez89","jade.jimenez89@hotmail.com","F"
"austin_miller50","austin_miller50@outlook.com","M"
"austinruiz61","austin_ruiz61@hotmail.com","M"
"natalia_hernandez21","natalia.hernandez21@outlook.com","F"
"jacklee38","jack_lee38@gmail.com","M"
"aurora_edwards94","auroraedwards94@mail.com","F"
"charlotte_jenkins42","charlottejenkins42@gmail.com","F"
"lukebrown86","luke_brown86@outlook.com",""
"adelinelopez24","adeline.lopez24@mail.com","F"
"brooksjimenez76","brooksjimenez76@outlook.com","M"
"gabriellacooper32","gabriella.cooper32@mail.com",""
"aaron_allen41","aaron_allen41@gmail.com","M"
"jacob_ward10","jacob_ward10@hotmail.com","M"
"skylarjackson14","skylar.jackson14@mail.com",""
"ezekielrogers62","ezekiel.rogers62@gmail.com","M"
"alice.sanders47","alice_sanders47@outlook.com",""
"serenityjones79","serenityjones79@gmail.com","F"
"luna_russell38","lunarussell38@gmail.com",""
"noahtorres43","noah.torres43@mail.com",""
"lucy_butler0","lucy_butler0@mail.com","F"
"sophiabutler30","sophiabutler30@gmail.com","F"
"rileywilliams26","riley_williams26@mail.com","F"
"raelynnmoore11","raelynn.moore11@gmail.com","F"
"lucas.patel10","lucas_patel10@hotmail.com","M"
"ethan.myers65","ethan.myers65@mail.com","M"
"anna.diaz28","anna.diaz28@outlook.com",""
"stella_parker63","stellaparker63@outlook.com","F"
"ethan.evans3","ethanevans3@hotmail.com","M"
"allison.reyes18","allison_reyes18@gmail.com","F"
"samantha_wilson63","samanthawilson63@outlook.com",""
"weston_hill95","weston.hill95@outlook.com","M"
"elizabethevans70","elizabethevans70@outlook.com","F"
"greyson.richardson81","greysonrichardson81@outlook.com","M"
"jayden_torres69","jayden.torres69@hotmail.com","M"
"xavierwilliams83","xavier.williams83@gmail.com","M"
"everly.bennett15","everlybennett15@hotmail.com",""
"madelyn.evans57","madelyn_evans57@outlook.com",""
"madisongutierrez73","madisongutierrez73@outlook.com",""
"oliver_allen68","oliver_allen68@gmail.com",""
"jayden_powell13","jaydenpowell13@mail.com","M"
"genesis.wood13","genesis.wood13@outlook.com","F"
"huntercruz75","hunter_cruz75@mail.com","M"
"jayden.richardson30","jaydenrichardson30@mail.com","M"
"lucas.roberts11","lucasroberts11@gmail.com","M"
"declan_allen82","declanallen82@gmail.com","M"
"michael_castillo20","michael.castillo20@hotmail.com",""
"mariajones63","mariajones63@gmail.com","F"
"ethan.collins34","ethan_collins34@hotmail.com","M"
"santiagocook39","santiago_cook39@mail.com","M"
"melanieroberts51","melanie_roberts51@gmail.com",""
"williamjones28","williamjones28@outlook.com","M"
"claire.sanders12","claire_sanders12@mail.com",""
"camila_robinson60","camila.robinson60@hotmail.com","F"
"sofia.nelson56","sofia_nelson56@hotmail.com","F"
"jamesonturner42","jameson.turner42@outlook.com","M"
"hazel_ross40","hazelross40@hotmail.com",""
"christopher_morgan60","christophermorgan60@gmail.com",""
"lincolnbaker75","lincoln_baker75@outlook.com","M"
"lily_price79","lilyprice79@hotmail.com",""
"masonpatel50","mason.patel50@outlook.com","M"
"brielle.phillips98","briellephillips98@hotmail.com","F"
"cameron.mendoza70","cameron_mendoza70@hotmail.com",""
"cora.martin38","cora.martin38@gmail.com","F"
"jamesgray47","james.gray47@hotmail.com",""
"julia_murphy11","juliamurphy11@mail.com","F"
"colton.russell52","coltonrussell52@outlook.com","M"
"ivykim26","ivy.kim26@mail.com","F"
"ryannguyen79","ryannguyen79@hotmail.com","M"
"gabriella.lopez12","gabriellalopez12@mail.com","F"
"kai_anderson67","kaianderson67@hotmail.com","M"
"lincoln.bennett21","lincoln.bennett21@hotmail.com","M"
"audrey_wood36","audrey_wood36@mail.com","F"
"ezra_hughes49","ezra.hughes49@gmail.com",""
"hazel.edwards17","hazel_edwards17@gmail.com","F"
"josiah_kim88","josiah.kim88@hotmail.com",""
"alexanderjohnson41","alexanderjohnson41@outlook.com","M"
"athena_thomas40","athena_thomas40@mail.com","F"
"alexandergonzalez60","alexandergonzalez60@gmail.com","M"
"olivia_murphy59","olivia_murphy59@mail.com","F"
"maverickjames99","maverick_james99@outlook.com",""
"evan.thompson75","evanthompson75@mail.com",""
"alice.wood97","alice_wood97@hotmail.com","F"
"jaxson_kim63","jaxson.kim63@mail.com",""
"paisley_wilson9","paisley_wilson9@gmail.com",""
"madelinephillips79","madeline.phillips79@hotmail.com","F"
"stella_rodriguez19","stellarodriguez19@hotmail.com","F"
"williamchavez54","william.chavez54@hotmail.com","M"
"riley.rogers82","riley_rogers82@gmail.com","F"
"greysonmendoza33","greysonmendoza33@hotmail.com","M"
"isaiahmurphy1","isaiah.murphy1@mail.com","M"
"connor_johnson10","connor.johnson10@hotmail.com",""
"ezra.gray94","ezragray94@gmail.com","M"
"brooklynbutler66","brooklynbutler66@outlook.com","F"
"colton.myers49","colton_myers49@mail.com","M"
"sophia.castillo57","sophia.castillo57@gmail.com",""
"natalie_ross25","natalie_ross25@hotmail.com","F"
"eva_coleman27","eva_coleman27@outlook.com","F"
"ryder_turner42","ryderturner42@outlook.com","M"
"sebastian_morgan33","sebastian.morgan33@hotmail.com","M"
"jacewood21","jace_wood21@gmail.com",""
"wyatt_carter12","wyatt.carter12@mail.com","M"
"willow.russell49","willow_russell49@mail.com","F"
"brooklynrobinson90","brooklynrobinson90@outlook.com","F"
"jameson.brooks72","jameson.brooks72@gmail.com","M"
"jaxonhill85","jaxon_hill85@hotmail.com","M"
"maverick_jenkins87","maverick.jenkins87@gmail.com","M"
"emiliawilliams21","emilia.williams21@hotmail.com",""
"easton.cox59","easton_cox59@mail.com","M"
"isaiah.scott7","isaiah.scott7@hotmail.com",""
"ethanadams38","ethan.adams38@outlook.com","M"
"riley.sanders32","rileysanders32@outlook.com","F"
"abigail_cook41","abigail_cook41@hotmail.com","F"
"samuelnelson2","samuel.nelson2@hotmail.com","M"
"nathan.foster72","nathanfoster72@gmail.com",""
"mateo.jackson44","mateojackson44@outlook.com",""
"addison_allen17","addison.allen17@outlook.com","F"
"colton_cook66","colton.cook66@outlook.com","M"
"evan_cox5","evan.cox5@gmail.com","M"
"natalie.evans88","natalie_evans88@mail.com",""
"luke_cooper25","luke_cooper25@mail.com","M"
"autumnmurphy62","autumnmurphy62@mail.com",""
"natalia_ramirez31","natalia.ramirez31@mail.com","F"
"cora_edwards47","cora.edwards47@outlook.com","F"
"quinn.ruiz58","quinn_ruiz58@gmail.com",""
"ethansanchez4","ethan_sanchez4@outlook.com","M"
"clara.patel16","clarapatel16@hotmail.com","F"
"lilyprice9","lily_price9@hotmail.com","F"
"gracenelson70","grace.nelson70@hotmail.com","F"
"matthew_adams2","matthew_adams2@outlook.com","M"
"zoe_foster2","zoe_foster2@hotmail.com","F"
"nova.scott0","nova_scott0@hotmail.com","F"
"jaxson.thompson5","jaxsonthompson5@hotmail.com","M"
"avery_kelly49","avery.kelly49@outlook.com",""
"hudson_mendoza2","hudson_mendoza2@outlook.com","M"
"adrian.diaz94","adriandiaz94@gmail.com","M"
"landonreed0","landon_reed0@hotmail.com","M"
"melanie.ramirez68","melanie.ramirez68@hotmail.com","F"
"adam.white85","adam.white85@hotmail.com","M"
"kaydenchavez43","kaydenchavez43@hotmail.com","M"
"lydiaward58","lydiaward58@hotmail.com","F"
"madelineadams73","madelineadams73@outlook.com",""
"riley_sanders73","rileysanders73@outlook.com","F"
"milaphillips65","milaphillips65@hotmail.com","F"
"landon_cook40","landoncook40@hotmail.com","M"
"madison.morgan40","madison.morgan40@mail.com",""
"jace_ross65","jace_ross65@outlook.com","M"
"jaxon_chavez52","jaxon_chavez52@gmail.com",""
"serenitylewis82","serenity.lewis82@hotmail.com",""
"theodoretaylor78","theodoretaylor78@hotmail.com","M"
"davidramos37","david_ramos37@hotmail.com",""
"ryleemorgan29","rylee_morgan29@gmail.com",""
"evamartin46","eva_martin46@outlook.com","F"
"sarah_powell6","sarah.powell6@outlook.com","F"
"peytonbailey0","peyton_bailey0@outlook.com","F"
"rileybailey59","riley.bailey59@gmail.com","F"
"nathan.chavez9","nathanchavez9@mail.com","M"
"rubyflores23","ruby.flores23@gmail.com","F"
"allison.roberts51","allisonroberts51@outlook.com",""
"isabella_davis61","isabelladavis61@hotmail.com",""
"jayden_robinson30","jayden.robinson30@gmail.com","M"
"emily_martin40","emily_martin40@gmail.com","F"
"natalie_torres30","natalie.torres30@outlook.com","F"
"brooks.jones12","brooks.jones12@mail.com","M"
"ava.clark57","ava.clark57@hotmail.com","F"
"anna.wood32","annawood32@gmail.com","F"
"liamwhite66","liam.white66@hotmail.com","M"
"autumn.parker32","autumn_parker32@mail.com",""
"sophiekelly51","sophiekelly51@hotmail.com",""
"beau_reyes90","beau_reyes90@mail.com","M"
"wyatt_allen70","wyatt.allen70@gmail.com","M"
"raelynn.perry25","raelynn_perry25@gmail.com","F"
"ryder.sullivan39","ryder_sullivan39@mail.com","M"
"everleigh.ross63","everleighross63@hotmail.com",""
"jonathan_evans75","jonathan.evans75@outlook.com","M"
"masonreyes18","masonreyes18@hotmail.com",""
"evelyn.brooks32","evelyn_brooks32@gmail.com",""
"easton.thomas20","eastonthomas20@outlook.com","M"
"lucaschavez24","lucaschavez24@gmail.com","M"
"josephine_sanchez21","josephine.sanchez21@gmail.com",""
"jayden.ward90","jayden.ward90@mail.com","M"
"evanyoung35","evan.young35@outlook.com","M"
"alicemiller87","alice.miller87@mail.com","F"
"jordan.cruz70","jordancruz70@outlook.com",""
"maria_cox38","mariacox38@mail.com",""
"auroralopez98","auroralopez98@hotmail.com","F"
"brooks.ramirez49","brooksramirez49@hotmail.com","M"
"savannahdavis46","savannah_davis46@mail.com","F"
"madisonprice51","madisonprice51@outlook.com","F"
"ryleesullivan26","rylee_sullivan26@outlook.com","F"
"nolan.morgan42","nolan_morgan42@hotmail.com","M"
"harper.roberts37","harper.roberts37@gmail.com","F"
"jaxonwood86","jaxon_wood86@outlook.com","M"
"wyatt.parker75","wyatt_parker75@outlook.com","M"
"hunterramirez70","hunterramirez70@outlook.com","M"
"lunalewis79","luna.lewis79@outlook.com","F"
"ian_taylor71","ian_taylor71@mail.com",""
"camila.stewart61","camilastewart61@outlook.com",""
"angel_hill0","angel_hill0@mail.com",""
"skylar_harris55","skylarharris55@mail.com","F"
"alexander.gutierrez56","alexander_gutierrez56@gmail.com","M"
"eleanorjimenez13","eleanor.jimenez13@hotmail.com","F"
"hannahdavis30","hannah_davis30@gmail.com","F"
"gabriella_sanders99","gabriella.sanders99@gmail.com",""
"melodymorales73","melodymorales73@outlook.com","F"
"samuellong54","samuel.long54@mail.com",""
"emma.lopez67","emmalopez67@hotmail.com","F"
"jacobpowell40","jacob_powell40@gmail.com","M"
"emma.stewart10","emma.stewart10@mail.com","F"
"madelyn.henderson42","madelyn.henderson42@hotmail.com",""
"wyattgreen2","wyatt_green2@hotmail.com","M"
"piper.sanchez68","piper_sanchez68@hotmail.com","F"
"jordan.peterson25","jordan_peterson25@gmail.com","M"
"madelynroberts67","madelynroberts67@mail.com",""
"maria.watson96","maria.watson96@outlook.com","F"
"parker_stewart74","parkerstewart74@hotmail.com",""
"austin_scott40","austin_scott40@gmail.com","M"
"savannah_cox59","savannahcox59@gmail.com",""
"sophie_brooks42","sophie.brooks42@outlook.com","F"
"ian_campbell78","ian.campbell78@outlook.com","M"
"julia.powell64","julia.powell64@outlook.com","F"
"samanthadiaz90","samantha.diaz90@gmail.com","F"
"gabriella.lee84","gabriellalee84@outlook.com","F"
"elias_thompson19","eliasthompson19@outlook.com",""
"stellacox72","stellacox72@hotmail.com","F"
"autumn.castillo27","autumn.castillo27@mail.com","F"
"savannah.anderson3","savannah_anderson3@gmail.com","F"
"josephine.sullivan98","josephine.sullivan98@outlook.com","F"
"leah.hall86","leahhall86@outlook.com","F"
"connorturner48","connorturner48@hotmail.com","M"
"kinsley.collins64","kinsleycollins64@gmail.com",""
"jacob_martin56","jacob_martin56@mail.com","M"
"nicholas_thompson88","nicholas.thompson88@outlook.com","M"
"violet.ruiz74","violet_ruiz74@outlook.com","F"
"haileyfoster84","haileyfoster84@gmail.com","F"
"athena_brown92","athena_brown92@hotmail.com","F"
"kinsley_cook88","kinsley.cook88@outlook.com","F"
"parker.kelly84","parkerkelly84@hotmail.com",""
"juliangonzalez8","julian.gonzalez8@gmail.com","M"
"emmettmorales92","emmett.morales92@outlook.com","M"
"ella_hernandez25","ella.hernandez25@mail.com","F"
"lillian_adams79","lillianadams79@gmail.com","F"
"delilah_cox78","delilahcox78@hotmail.com","F"
"elenadiaz75","elena.diaz75@mail.com",""
"bellaturner86","bella_turner86@outlook.com","F"
"jaydendavis36","jayden.davis36@gmail.com","M"
"coltonroberts35","coltonroberts35@mail.com","M"
"raelynn_gonzalez20","raelynn.gonzalez20@outlook.com","F"
"jack_king40","jack.king40@mail.com","M"
"ian.lewis48","ian_lewis48@mail.com","M"
"jordansullivan98","jordansullivan98@mail.com",""
"nova.bell79","nova.bell79@gmail.com","F"
"cartermorales78","cartermorales78@mail.com","M"
"brooklyn_howard19","brooklyn.howard19@hotmail.com","F"
"bennettmartin19","bennett.martin19@gmail.com","M"
"westonward16","weston_ward16@hotmail.com","M"
"serenity_reed63","serenity_reed63@gmail.com",""
"hudson.jackson67","hudson_jackson67@outlook.com",""
"easton_stewart66","easton.stewart66@outlook.com",""
"gabriellanguyen18","gabriella_nguyen18@gmail.com","F"
"hudson_martin46","hudson.martin46@mail.com","M"
"brielle.allen60","brielleallen60@mail.com","F"
"christopher.robinson79","christopherrobinson79@mail.com",""
"jack.gomez50","jack_gomez50@hotmail.com","M"
"theodore.walker31","theodore.walker31@mail.com","M"
"zoey.hill77","zoey_hill77@outlook.com","F"
"matthew.perez40","matthew.perez40@outlook.com","M"
"serenitymartinez58","serenity.martinez58@mail.com","F"
"oliverwright0","oliver.wright0@hotmail.com","M"
"johnnguyen51","john_nguyen51@outlook.com","M"
"ian_mendoza82","ian.mendoza82@gmail.com","M"
"emerysanders8","emerysanders8@outlook.com","F"
"lillian_harris35","lillianharris35@gmail.com","F"
"micah.cooper93","micahcooper93@hotmail.com",""
"valentina.morris41","valentina_morris41@outlook.com","F"
"rubywhite76","ruby_white76@gmail.com",""
"wyattbutler4","wyatt.butler4@mail.com",""
"eliortiz62","eli.ortiz62@outlook.com","M"
"jordancampbell81","jordancampbell81@outlook.com","M"
"aria_harris72","aria_harris72@hotmail.com","F"
"nathan_jones59","nathanjones59@mail.com",""
"calebbailey14","caleb.bailey14@gmail.com","M"
"sebastian_gray63","sebastiangray63@hotmail.com",""
"ellie_turner99","ellieturner99@mail.com",""
"carson_harris4","carsonharris4@outlook.com",""
"matthewmurphy12","matthewmurphy12@mail.com","M"
"emily.garcia77","emily.garcia77@gmail.com",""
"henry_long83","henry.long83@gmail.com","M"
"maria.nguyen81","maria.nguyen81@outlook.com","F"
"carter_harris44","carter.harris44@outlook.com",""
"wesley.robinson9","wesley_robinson9@mail.com","M"
"julia_hill96","juliahill96@gmail.com",""
"elliegray45","ellie.gray45@gmail.com","F"
"cooperhernandez8","cooper_hernandez8@outlook.com","M"
"elias.stewart92","elias_stewart92@outlook.com","M"
"gabrielperez27","gabriel_perez27@hotmail.com","M"
"jamesongonzalez76","jamesongonzalez76@mail.com","M"
"connor_reyes29","connor_reyes29@hotmail.com","M"
"jaxsonjenkins92","jaxsonjenkins92@hotmail.com","M"
"madelineking51","madeline_king51@mail.com","F"
"naomi.jimenez23","naomi.jimenez23@mail.com",""
"milacook10","mila_cook10@gmail.com","F"
"levisullivan25","levi.sullivan25@gmail.com","M"
"ryder_martin35","ryder_martin35@hotmail.com",""
"cooper_davis14","cooper_davis14@gmail.com","M"
"valentinabrown75","valentina.brown75@hotmail.com","F"
"kayden_richardson25","kaydenrichardson25@hotmail.com",""
"everett.bennett64","everett.bennett64@outlook.com","M"
"melody.thompson94","melodythompson94@gmail.com","F"
"aubreyanderson81","aubreyanderson81@gmail.com","F"
"penelope_gutierrez31","penelope.gutierrez31@gmail.com","F"
"madeline.butler22","madeline_butler22@outlook.com","F"
"madeline.rogers22","madeline_rogers22@mail.com","F"
"sebastianwood89","sebastianwood89@outlook.com","M"
"camilaward0","camilaward0@gmail.com",""
"roman.watson86","roman.watson86@outlook.com","M"
"sadiemorales34","sadie_morales34@hotmail.com",""
"madelyn.flores47","madelyn.flores47@outlook.com","F"
"waylonyoung66","waylonyoung66@gmail.com",""
"lucawilliams27","luca.williams27@outlook.com","M"
"lucas_wilson16","lucas.wilson16@gmail.com","M"
"caroline_cooper89","caroline_cooper89@gmail.com","F"
"lucafoster25","lucafoster25@gmail.com","M"
"ava.gomez95","ava.gomez95@hotmail.com",""
"victoriagreen28","victoriagreen28@outlook.com","F"
"alexander.green20","alexander_green20@hotmail.com","M"
"leilanigutierrez93","leilani_gutierrez93@gmail.com","F"
"savannah.clark30","savannahclark30@mail.com","F"
"declan.cooper31","declan_cooper31@hotmail.com","M"
"evelynmyers71","evelyn_myers71@hotmail.com","F"
"layla_garcia66","layla.garcia66@gmail.com","F"
"delilahjackson61","delilah_jackson61@gmail.com","F"
"noahkelly30","noah.kelly30@mail.com","M"
"waylonrobinson38","waylonrobinson38@gmail.com",""
"ezra_jenkins51","ezra_jenkins51@mail.com","M"
"aria_cook73","aria.cook73@outlook.com","F"
"corarodriguez61","cora_rodriguez61@outlook.com","F"
"aidengarcia49","aiden_garcia49@mail.com","M"
"avery.evans13","avery.evans13@mail.com","F"
"kinsleypatel14","kinsleypatel14@hotmail.com",""
"wesley.ruiz77","wesley_ruiz77@gmail.com","M"
"evelynhoward9","evelyn_howard9@gmail.com",""
"addison.hill71","addison.hill71@gmail.com","F"
"aubrey.green82","aubrey_green82@gmail.com",""
"john.carter54","john_carter54@hotmail.com","M"
"harper_jackson44","harperjackson44@gmail.com","F"
"aiden_peterson35","aidenpeterson35@mail.com","M"
"lucy.wood73","lucy.wood73@mail.com","F"
"ryan_watson61","ryanwatson61@gmail.com","M"
"matthew.nelson96","matthew_nelson96@mail.com","M"
"raelynn.brown12","raelynnbrown12@mail.com","F"
"michaelgray45","michaelgray45@mail.com",""
"anna_thompson37","anna.thompson37@hotmail.com","F"
"jameson_williams48","jamesonwilliams48@hotmail.com","M"
"lydia.lopez87","lydia_lopez87@hotmail.com",""
"emma.jimenez28","emma.jimenez28@outlook.com","F"
"natalie.king15","natalie_king15@mail.com","F"
"elianamurphy72","eliana_murphy72@gmail.com",""
"serenity.smith45","serenity.smith45@gmail.com",""
"violetclark57","violetclark57@outlook.com",""
"jose.lewis88","joselewis88@gmail.com","M"
"violet_cook6","violet.cook6@outlook.com",""
"caleb_sanders93","caleb_sanders93@outlook.com",""
"elizabeth.king57","elizabeth_king57@gmail.com","F"
"rydernelson51","ryder_nelson51@outlook.com","M"
"aidenmartinez86","aiden_martinez86@gmail.com","M"
"gianna.mitchell97","giannamitchell97@mail.com","F"
"lucy_hall15","lucy_hall15@gmail.com",""
"lucyturner95","lucy_turner95@mail.com","F"
"jordan.sanders26","jordan.sanders26@outlook.com",""
"alice_cooper42","alice.cooper42@mail.com","F"
"samantha.price13","samantha.price13@outlook.com","F"
"leilanirogers76","leilanirogers76@hotmail.com","F"
"ryderrodriguez61","ryder_rodriguez61@mail.com","M"
"jaxson.campbell18","jaxson.campbell18@outlook.com","M"
"charlotte.jones4","charlotte_jones4@hotmail.com","F"
"josiah.miller98","josiah_miller98@hotmail.com",""
"thomas.gomez45","thomasgomez45@outlook.com","M"
"madeline_adams14","madelineadams14@mail.com",""
"nova.nelson26","novanelson26@outlook.com","F"
"christopher.bell1","christopherbell1@gmail.com","M"
"kinsley_wilson59","kinsley_wilson59@hotmail.com",""
"madison.young58","madisonyoung58@outlook.com",""
"madelynross27","madelyn.ross27@outlook.com","F"
"abigailmoore34","abigailmoore34@hotmail.com","F"
"lucasjimenez30","lucas.jimenez30@outlook.com","M"
"aria_thomas32","aria.thomas32@gmail.com","F"
"lucas_ramos67","lucas_ramos67@gmail.com","M"
"clarabutler69","clarabutler69@mail.com","F"
"samantha.cox98","samantha_cox98@outlook.com","F"
"charlesmoore27","charles_moore27@gmail.com","M"
"elias.cox50","elias.cox50@gmail.com","M"
"charlotte_harris79","charlotte.harris79@outlook.com","F"
"easton.morgan50","easton_morgan50@hotmail.com","M"
"nevaeh.evans31","nevaeh.evans31@mail.com","F"
"laylamoore11","layla.moore11@outlook.com",""
"jacobtorres4","jacob.torres4@gmail.com","M"
"isaacnguyen59","isaac_nguyen59@hotmail.com","M"
"cooper.jimenez48","cooper_jimenez48@mail.com",""
"madelyncox78","madelyncox78@outlook.com",""
"hudson.reed79","hudson.reed79@gmail.com","M"
"wyatt_hughes82","wyatt.hughes82@mail.com","M"
"alice_lopez86","alicelopez86@outlook.com",""
"arianacruz19","arianacruz19@hotmail.com","F"
"oliverbell41","oliver.bell41@hotmail.com","M"
"nataliecastillo55","natalie_castillo55@gmail.com","F"
"addison.butler62","addison_butler62@mail.com","F"
"jonathan.gomez47","jonathangomez47@mail.com","M"
"ryan.gonzalez61","ryangonzalez61@hotmail.com","M"
"colton_hall19","colton_hall19@outlook.com","M"
"luna_wright37","lunawright37@outlook.com","F"
"adeline_sullivan82","adeline_sullivan82@mail.com","F"
"leocook72","leo.cook72@gmail.com","M"
"isaiahmartinez89","isaiah_martinez89@outlook.com",""
"lydia.lee80","lydia.lee80@mail.com","F"
"easton.turner67","eastonturner67@gmail.com","M"
"kaijames28","kai_james28@hotmail.com","M"
"athena_taylor71","athena_taylor71@hotmail.com","F"
"noah.miller27","noah.miller27@outlook.com",""
"elenahill51","elena_hill51@outlook.com",""
"adam.perez57","adam.perez57@gmail.com","M"
"grayson_peterson45","grayson.peterson45@hotmail.com","M"
"islamoore63","islamoore63@outlook.com",""
"carson.powell22","carson_powell22@hotmail.com",""
"asherfoster71","asherfoster71@mail.com","M"
"matthew_white44","matthewwhite44@mail.com","M"
"clara.johnson93","clara.johnson93@hotmail.com",""
"wesley_thomas26","wesleythomas26@outlook.com","M"
"autumnpeterson24","autumn_peterson24@outlook.com",""
"novakelly96","nova.kelly96@mail.com","F"
"roman_torres42","roman.torres42@mail.com","M"
"isla_bailey91","isla.bailey91@outlook.com","F"
"juliancarter33","julian.carter33@mail.com",""
"elias_murphy68","elias.murphy68@gmail.com","M"
"liambennett71","liam.bennett71@outlook.com","M"
"hudson.evans88","hudson.evans88@mail.com",""
"audrey.williams31","audreywilliams31@mail.com",""
"valentinaross27","valentina_ross27@mail.com","F"
"abigailjones98","abigailjones98@gmail.com","F"
"everett.campbell71","everettcampbell71@outlook.com","M"
"bennett_green64","bennett_green64@mail.com","M"
"dylan.ross95","dylanross95@hotmail.com","M"
